wikidata	wikidatalink	source_page	instance_of	part_of	subclass_of	eu	eu_wikipedia	es	es_wikipedia	en	en_wikipedia	fr	fr_wikipedia	it	it_wikipedia	de	de_wikipedia	pt	pt_wikipedia	ca	ca_wikipedia	cs	cs_wikipedia
Q58784	https://wikidata.org/wiki/Q58784	Das_Kapital		https://wikidata.org/wiki/Q47461344		Das Kapital	https://eu.wikipedia.org/wiki/Das Kapital	El capital	https://es.wikipedia.org/wiki/El capital	Das Kapital	https://en.wikipedia.org/wiki/Das Kapital	Le Capital	https://fr.wikipedia.org/wiki/Le Capital	Il Capitale	https://it.wikipedia.org/wiki/Il Capitale	Das Kapital	https://de.wikipedia.org/wiki/Das Kapital	O Capital	https://pt.wikipedia.org/wiki/O Capital	El capital	https://ca.wikipedia.org/wiki/El Capital	Kapitál	https://cs.wikipedia.org/wiki/Kapitál (kniha)	
Q9061	https://wikidata.org/wiki/Q9061	Karl_Marx		https://wikidata.org/wiki/Q1518091, https://wikidata.org/wiki/Q20088846, https://wikidata.org/wiki/Q5		Karl Marx	https://eu.wikipedia.org/wiki/Karl Marx	Karl Marx	https://es.wikipedia.org/wiki/Karl Marx	Karl Marx	https://en.wikipedia.org/wiki/Karl Marx	Karl Marx	https://fr.wikipedia.org/wiki/Karl Marx	Karl Marx	https://it.wikipedia.org/wiki/Karl Marx	Karl Marx	https://de.wikipedia.org/wiki/Karl Marx	Karl Marx	https://pt.wikipedia.org/wiki/Karl Marx	Karl Marx	https://ca.wikipedia.org/wiki/Karl Marx	Karl Marx	https://cs.wikipedia.org/wiki/Karl Marx	
Q7264	https://wikidata.org/wiki/Q7264	Marxismus		https://wikidata.org/wiki/Q1401304, https://wikidata.org/wiki/Q12909644, https://wikidata.org/wiki/Q3048444	https://wikidata.org/wiki/Q7272, https://wikidata.org/wiki/Q6186	Marxismo	https://eu.wikipedia.org/wiki/Marxismo	marxismo	https://es.wikipedia.org/wiki/Marxismo	Marxism	https://en.wikipedia.org/wiki/Marxism	marxisme	https://fr.wikipedia.org/wiki/Marxisme	marxismo	https://it.wikipedia.org/wiki/Marxismo	Marxismus	https://de.wikipedia.org/wiki/Marxismus	marxismo	https://pt.wikipedia.org/wiki/Marxismo	marxisme	https://ca.wikipedia.org/wiki/Marxisme	marxismus	https://cs.wikipedia.org/wiki/Marxismus	
Q190004	https://wikidata.org/wiki/Q190004	Historischer_Materialismus		https://wikidata.org/wiki/Q7264, https://wikidata.org/wiki/Q22811234		Materialismo historiko	https://eu.wikipedia.org/wiki/Materialismo historiko	materialismo histórico	https://es.wikipedia.org/wiki/Materialismo histórico	historical materialism	https://en.wikipedia.org/wiki/Historical materialism	matérialisme historique	https://fr.wikipedia.org/wiki/Matérialisme historique	materialismo storico	https://it.wikipedia.org/wiki/Materialismo storico	Historischer Materialismus	https://de.wikipedia.org/wiki/Historischer Materialismus	materialismo histórico	https://pt.wikipedia.org/wiki/Materialismo histórico	materialisme històric	https://ca.wikipedia.org/wiki/Materialisme històric	Historický materialismus	https://cs.wikipedia.org/wiki/Historický materialismus	
Q1641112	https://wikidata.org/wiki/Q1641112	Gesellschaftsformation			https://wikidata.org/wiki/Q33104129			formación social	https://es.wikipedia.org/wiki/Formación socioeconómica	social formation	https://en.wikipedia.org/wiki/Social formation	formation social		formazione sociale		Gesellschaftsformation	https://de.wikipedia.org/wiki/Gesellschaftsformation			ordre social	https://ca.wikipedia.org/wiki/Formació social			
Q11409498	https://wikidata.org/wiki/Q11409498	Urgesellschaft			https://wikidata.org/wiki/Q177634			sociedad primitiva		Primitive Society	https://en.wikipedia.org/wiki/Urgesellschaft					Urgesellschaft	https://de.wikipedia.org/wiki/Urgesellschaft							
Q2292643	https://wikidata.org/wiki/Q2292643	Sklavenhaltergesellschaft		https://wikidata.org/wiki/Q1548084				modo de producción esclavista	https://es.wikipedia.org/wiki/Modo de producción esclavista	Slave-holding society						Sklavenhaltergesellschaft	https://de.wikipedia.org/wiki/Sklavenhaltergesellschaft			Mode de producció esclavista	https://ca.wikipedia.org/wiki/Mode de producció esclavista			
Q37739	https://wikidata.org/wiki/Q37739	Feudalismus		https://wikidata.org/wiki/Q28108	https://wikidata.org/wiki/Q845132	Feudalismo	https://eu.wikipedia.org/wiki/Feudalismo	feudalismo	https://es.wikipedia.org/wiki/Feudalismo	feudalism	https://en.wikipedia.org/wiki/Feudalism	féodalité	https://fr.wikipedia.org/wiki/Féodalité	feudalesimo	https://it.wikipedia.org/wiki/Feudalesimo	Feudalismus	https://de.wikipedia.org/wiki/Feudalismus	feudalismo	https://pt.wikipedia.org/wiki/Feudalismo	feudalisme	https://ca.wikipedia.org/wiki/Feudalisme	feudalismus	https://cs.wikipedia.org/wiki/Feudalismus	
Q6206	https://wikidata.org/wiki/Q6206	Kapitalismus		https://wikidata.org/wiki/Q1641112	https://wikidata.org/wiki/Q273005	Kapitalismo	https://eu.wikipedia.org/wiki/Kapitalismo	capitalismo	https://es.wikipedia.org/wiki/Capitalismo	capitalism	https://en.wikipedia.org/wiki/Capitalism	capitalisme	https://fr.wikipedia.org/wiki/Capitalisme	capitalismo	https://it.wikipedia.org/wiki/Capitalismo	Kapitalismus	https://de.wikipedia.org/wiki/Kapitalismus	capitalismo	https://pt.wikipedia.org/wiki/Capitalismo	capitalisme	https://ca.wikipedia.org/wiki/Capitalisme	kapitalismus	https://cs.wikipedia.org/wiki/Kapitalismus	
Q7272	https://wikidata.org/wiki/Q7272	Sozialismus		https://wikidata.org/wiki/Q12909644, https://wikidata.org/wiki/Q273005		sozialismo	https://eu.wikipedia.org/wiki/Sozialismo	socialismo	https://es.wikipedia.org/wiki/Socialismo	socialism	https://en.wikipedia.org/wiki/Socialism	socialisme	https://fr.wikipedia.org/wiki/Socialisme	socialismo	https://it.wikipedia.org/wiki/Socialismo	Sozialismus	https://de.wikipedia.org/wiki/Sozialismus	socialismo	https://pt.wikipedia.org/wiki/Socialismo	socialisme	https://ca.wikipedia.org/wiki/Socialisme	socialismus	https://cs.wikipedia.org/wiki/Socialismus	
Q9381	https://wikidata.org/wiki/Q9381	Adam_Smith		https://wikidata.org/wiki/Q5		Adam Smith	https://eu.wikipedia.org/wiki/Adam Smith	Adam Smith	https://es.wikipedia.org/wiki/Adam Smith	Adam Smith	https://en.wikipedia.org/wiki/Adam Smith	Adam Smith	https://fr.wikipedia.org/wiki/Adam Smith	Adam Smith	https://it.wikipedia.org/wiki/Adam Smith	Adam Smith	https://de.wikipedia.org/wiki/Adam Smith	Adam Smith	https://pt.wikipedia.org/wiki/Adam Smith	Adam Smith	https://ca.wikipedia.org/wiki/Adam Smith	Adam Smith	https://cs.wikipedia.org/wiki/Adam Smith	
Q160270	https://wikidata.org/wiki/Q160270	David_Ricardo		https://wikidata.org/wiki/Q5		David Ricardo	https://eu.wikipedia.org/wiki/David Ricardo	David Ricardo	https://es.wikipedia.org/wiki/David Ricardo	David Ricardo	https://en.wikipedia.org/wiki/David Ricardo	David Ricardo	https://fr.wikipedia.org/wiki/David Ricardo	David Ricardo	https://it.wikipedia.org/wiki/David Ricardo	David Ricardo	https://de.wikipedia.org/wiki/David Ricardo	David Ricardo	https://pt.wikipedia.org/wiki/David Ricardo	David Ricardo	https://ca.wikipedia.org/wiki/David Ricardo	David Ricardo	https://cs.wikipedia.org/wiki/David Ricardo	
Q8137	https://wikidata.org/wiki/Q8137	Kapital		https://wikidata.org/wiki/Q29028649	https://wikidata.org/wiki/Q3736009	kapital	https://eu.wikipedia.org/wiki/Kapital (ekoizpen-faktorea)	capital	https://es.wikipedia.org/wiki/Capital (economía)	capital	https://en.wikipedia.org/wiki/Capital (economics)	capital	https://fr.wikipedia.org/wiki/Capital	capitale	https://it.wikipedia.org/wiki/Capitale (economia)	Kapital	https://de.wikipedia.org/wiki/Kapital	capital	https://pt.wikipedia.org/wiki/Capital (economia)	capital	https://ca.wikipedia.org/wiki/Capital (economia)	kapitál	https://cs.wikipedia.org/wiki/Kapitál	
Q10923090	https://wikidata.org/wiki/Q10923090	Dialektik_bei_Marx_und_Engels#Dialektik_als_die_Methode_des_Aufsteigens_vom_Abstrakten_zum_Konkreten			https://wikidata.org/wiki/Q9453					Materialist Dialectics						Dialektik bei Marx und Engels	https://de.wikipedia.org/wiki/Dialektik bei Marx und Engels							
Q9235	https://wikidata.org/wiki/Q9235	Georg_Wilhelm_Friedrich_Hegel		https://wikidata.org/wiki/Q5		Georg Wilhelm Friedrich Hegel	https://eu.wikipedia.org/wiki/Georg Wilhelm Friedrich Hegel	Georg Wilhelm Friedrich Hegel	https://es.wikipedia.org/wiki/Georg Wilhelm Friedrich Hegel	Georg Wilhelm Friedrich Hegel	https://en.wikipedia.org/wiki/Georg Wilhelm Friedrich Hegel	Georg Wilhelm Friedrich Hegel	https://fr.wikipedia.org/wiki/Georg Wilhelm Friedrich Hegel	Georg Wilhelm Friedrich Hegel	https://it.wikipedia.org/wiki/Georg Wilhelm Friedrich Hegel	Georg Wilhelm Friedrich Hegel	https://de.wikipedia.org/wiki/Georg Wilhelm Friedrich Hegel	Georg Wilhelm Friedrich Hegel	https://pt.wikipedia.org/wiki/Georg Wilhelm Friedrich Hegel	Georg Wilhelm Friedrich Hegel	https://ca.wikipedia.org/wiki/Georg Wilhelm Friedrich Hegel	Georg Wilhelm Friedrich Hegel	https://cs.wikipedia.org/wiki/Georg Wilhelm Friedrich Hegel	
Q714737	https://wikidata.org/wiki/Q714737	Kategorie_(Philosophie)		https://wikidata.org/wiki/Q44325, https://wikidata.org/wiki/Q33104279	https://wikidata.org/wiki/Q151885	kategoria	https://eu.wikipedia.org/wiki/Kategoria (filosofia)	categoría	https://es.wikipedia.org/wiki/Categoría	category of being	https://en.wikipedia.org/wiki/Theory of Categories	catégorie		categoria	https://it.wikipedia.org/wiki/Categoria (filosofia)	Kategorie	https://de.wikipedia.org/wiki/Kategorie (Philosophie)	categoria	https://pt.wikipedia.org/wiki/Categoria (filosofia)	categoria		kategorie	https://cs.wikipedia.org/wiki/Kategorie (filosofie)	
Q101988	https://wikidata.org/wiki/Q101988	Helmut_Reichelt		https://wikidata.org/wiki/Q5				Helmut Reichelt		Helmut Reichelt	https://en.wikipedia.org/wiki/Helmut Reichelt	Helmut Reichelt		Helmut Reichelt		Helmut Reichelt	https://de.wikipedia.org/wiki/Helmut Reichelt	Helmut Reichelt		Helmut Reichelt				
Q63551	https://wikidata.org/wiki/Q63551	Henryk_Grossmann		https://wikidata.org/wiki/Q5				Henryk Grossman	https://es.wikipedia.org/wiki/Henryk Grossman	Henryk Grossman	https://en.wikipedia.org/wiki/Henryk Grossman	Henryk Grossmann	https://fr.wikipedia.org/wiki/Henryk Grossmann	Henryk Grossman	https://it.wikipedia.org/wiki/Henryk Grossman	Henryk Grossmann	https://de.wikipedia.org/wiki/Henryk Grossmann	Henryk Grossmam		Henryk Grossmann				
Q3748888	https://wikidata.org/wiki/Q3748888	Arbeitskraft		https://wikidata.org/wiki/Q1433881, https://wikidata.org/wiki/Q29028649		Lan-indarra	https://eu.wikipedia.org/wiki/Lan-indar	fuerza de trabajo	https://es.wikipedia.org/wiki/Fuerza de trabajo	labour power	https://en.wikipedia.org/wiki/Labour power	force de travail	https://fr.wikipedia.org/wiki/Force de travail	forza-lavoro	https://it.wikipedia.org/wiki/Forza-lavoro	Arbeitskraft	https://de.wikipedia.org/wiki/Arbeitskraft	força de trabalho	https://pt.wikipedia.org/wiki/Força de trabalho	força de treball				
-1	https://wikidata.org/wiki/-1	Arbeitswertlehre																						
Q332425	https://wikidata.org/wiki/Q332425	Mehrwert_(Marxismus)		https://wikidata.org/wiki/Q1401304	https://wikidata.org/wiki/Q1850816	Gainbalio	https://eu.wikipedia.org/wiki/Gainbalio	plusvalor	https://es.wikipedia.org/wiki/Plusvalor	surplus value	https://en.wikipedia.org/wiki/Surplus value	plus-value	https://fr.wikipedia.org/wiki/Plus-value (marxisme)	plusvalore	https://it.wikipedia.org/wiki/Plusvalore	Mehrwert	https://de.wikipedia.org/wiki/Mehrwert (Marxismus)	mais-valia	https://pt.wikipedia.org/wiki/Mais-valia	plusvàlua	https://ca.wikipedia.org/wiki/Plusvàlua	Nadhodnota	https://cs.wikipedia.org/wiki/Nadhodnota	
Q2549288	https://wikidata.org/wiki/Q2549288	Warenfetisch			https://wikidata.org/wiki/Q863448			fetichismo de la mercancía	https://es.wikipedia.org/wiki/Fetichismo de la mercancía	commodity fetishism	https://en.wikipedia.org/wiki/Commodity fetishism	fétichisme de la marchandise	https://fr.wikipedia.org/wiki/Fétichisme de la marchandise			Warenfetisch	https://de.wikipedia.org/wiki/Warenfetisch	fetichismo da mercadoria	https://pt.wikipedia.org/wiki/Fetichismo da mercadoria	Fetitxisme de la mercaderia	https://ca.wikipedia.org/wiki/Fetitxisme de la mercaderia			
Q185816	https://wikidata.org/wiki/Q185816	Analogie_(Philosophie)		https://wikidata.org/wiki/Q1156402	https://wikidata.org/wiki/Q781413	analogia	https://eu.wikipedia.org/wiki/Analogia	analogía	https://es.wikipedia.org/wiki/Analogía	analogy	https://en.wikipedia.org/wiki/Analogy	analogie	https://fr.wikipedia.org/wiki/Analogie	analogia	https://it.wikipedia.org/wiki/Analogia (semantica)	Analogismus	https://de.wikipedia.org/wiki/Analogie (Philosophie)	analogia	https://pt.wikipedia.org/wiki/Analogia	analogia	https://ca.wikipedia.org/wiki/Analogia	analogie	https://cs.wikipedia.org/wiki/Analogie	
Q1469008	https://wikidata.org/wiki/Q1469008	Projektionstheorie														Projektionstheorie	https://de.wikipedia.org/wiki/Projektionstheorie							
Q1485500	https://wikidata.org/wiki/Q1485500	Ware			https://wikidata.org/wiki/Q28877, https://wikidata.org/wiki/Q223557, https://wikidata.org/wiki/Q337060			bien material		tangible good	https://en.wikipedia.org/wiki/Economic good	bien matériel	https://fr.wikipedia.org/wiki/Bien matériel	bene tangibile		Ware	https://de.wikipedia.org/wiki/Ware			bé material		zboží	https://cs.wikipedia.org/wiki/Zboží	
Q1935127	https://wikidata.org/wiki/Q1935127	Tauschwert		https://wikidata.org/wiki/Q584987	https://wikidata.org/wiki/Q868257	Truke-balio	https://eu.wikipedia.org/wiki/Truke-balio	valor de cambio	https://es.wikipedia.org/wiki/Valor de cambio	exchange value	https://en.wikipedia.org/wiki/Exchange value	valeur d'échange	https://fr.wikipedia.org/wiki/Valeur d'échange			Tauschwert	https://de.wikipedia.org/wiki/Tauschwert	valor de troca	https://pt.wikipedia.org/wiki/Valor de troca	Valor de canvi	https://ca.wikipedia.org/wiki/Valor de canvi			
Q1497178	https://wikidata.org/wiki/Q1497178	Gebrauchswert		https://wikidata.org/wiki/Q584987	https://wikidata.org/wiki/Q466707	Erabilera-balio	https://eu.wikipedia.org/wiki/Erabilera-balio	valor de uso	https://es.wikipedia.org/wiki/Valor de uso	use value	https://en.wikipedia.org/wiki/Use value	valeur d'usage	https://fr.wikipedia.org/wiki/Valeur d'usage			Gebrauchswert	https://de.wikipedia.org/wiki/Gebrauchswert	valor de uso	https://pt.wikipedia.org/wiki/Valor de uso	Valor d'ús	https://ca.wikipedia.org/wiki/Valor d'ús			
Q484830	https://wikidata.org/wiki/Q484830	Tauschhandel			https://wikidata.org/wiki/Q601401, https://wikidata.org/wiki/Q23009552	Truke	https://eu.wikipedia.org/wiki/Truke	trueque	https://es.wikipedia.org/wiki/Trueque	barter	https://en.wikipedia.org/wiki/Barter	troc	https://fr.wikipedia.org/wiki/Troc	baratto	https://it.wikipedia.org/wiki/Baratto	Tauschhandel	https://de.wikipedia.org/wiki/Tauschhandel	escambo	https://pt.wikipedia.org/wiki/Escambo	barata	https://ca.wikipedia.org/wiki/Barata	barterový obchod	https://cs.wikipedia.org/wiki/Směnný obchod	
Q552130	https://wikidata.org/wiki/Q552130	Immanenz		https://wikidata.org/wiki/Q33104279		Immanentzia	https://eu.wikipedia.org/wiki/Immanentzia	inmanencia	https://es.wikipedia.org/wiki/Inmanencia	immanence	https://en.wikipedia.org/wiki/Immanence	immanence	https://fr.wikipedia.org/wiki/Immanence	immanenza	https://it.wikipedia.org/wiki/Immanenza	Immanenz	https://de.wikipedia.org/wiki/Immanenz	imanência	https://pt.wikipedia.org/wiki/Imanência	immanència	https://ca.wikipedia.org/wiki/Immanència	Imanence	https://cs.wikipedia.org/wiki/Imanence	
Q2563467	https://wikidata.org/wiki/Q2563467	Wertform		https://wikidata.org/wiki/Q854537						Value-form	https://en.wikipedia.org/wiki/Value-form					Wertform	https://de.wikipedia.org/wiki/Wertform							
Q47433	https://wikidata.org/wiki/Q47433	Banknote		https://wikidata.org/wiki/Q2342494	https://wikidata.org/wiki/Q693464, https://wikidata.org/wiki/Q11060274, https://wikidata.org/wiki/Q114794799	Diru paper	https://eu.wikipedia.org/wiki/Diru-paper	papel moneda	https://es.wikipedia.org/wiki/Papel moneda	banknote	https://en.wikipedia.org/wiki/Banknote	billet de banque	https://fr.wikipedia.org/wiki/Billet de banque	banconota	https://it.wikipedia.org/wiki/Banconota	Banknote	https://de.wikipedia.org/wiki/Banknote	papel-moeda	https://pt.wikipedia.org/wiki/Papel-moeda	bitllet de banc	https://ca.wikipedia.org/wiki/Bitllet de banc	bankovka	https://cs.wikipedia.org/wiki/Bankovka	
Q188532	https://wikidata.org/wiki/Q188532	Bretton-Woods-System		https://wikidata.org/wiki/Q1416617, https://wikidata.org/wiki/Q131569, https://wikidata.org/wiki/Q1072326		Bretton Woodseko batzarra	https://eu.wikipedia.org/wiki/Bretton Woodseko batzarra	acuerdos de Bretton Woods	https://es.wikipedia.org/wiki/Acuerdos de Bretton Woods	Bretton Woods system	https://en.wikipedia.org/wiki/Bretton Woods system	accords de Bretton Woods	https://fr.wikipedia.org/wiki/Accords de Bretton Woods	Conferenza di Bretton Woods	https://it.wikipedia.org/wiki/Accordi di Bretton Woods	Bretton-Woods-System	https://de.wikipedia.org/wiki/Bretton-Woods-System	Acordos de Bretton Woods	https://pt.wikipedia.org/wiki/Acordos de Bretton Woods	Acords de Bretton Woods	https://ca.wikipedia.org/wiki/Acords de Bretton Woods	brettonwoodský systém	https://cs.wikipedia.org/wiki/Brettonwoodský systém	
Q1323540	https://wikidata.org/wiki/Q1323540	Umlaufgeschwindigkeit_des_Geldes			https://wikidata.org/wiki/Q1144560			velocidad de circulación del dinero	https://es.wikipedia.org/wiki/Velocidad de circulación del dinero	velocity of money	https://en.wikipedia.org/wiki/Velocity of money	vitesse de circulation de la monnaie	https://fr.wikipedia.org/wiki/Vitesse de circulation de la monnaie	velocità di circolazione della moneta	https://it.wikipedia.org/wiki/Velocità di circolazione della moneta	Umlaufgeschwindigkeit	https://de.wikipedia.org/wiki/Umlaufgeschwindigkeit des Geldes	velocidade da moeda	https://pt.wikipedia.org/wiki/Velocidade da moeda					
-1	https://wikidata.org/wiki/-1	Kapitalanlage																						
Q1329506	https://wikidata.org/wiki/Q1329506	Konstantes_Kapital						capital constante	https://es.wikipedia.org/wiki/Capital constante	constant capital	https://en.wikipedia.org/wiki/Constant capital					konstantes Kapital	https://de.wikipedia.org/wiki/Konstantes Kapital	capital constante	https://pt.wikipedia.org/wiki/Capital constante					
Q1759266	https://wikidata.org/wiki/Q1759266	Variables_Kapital						capital variable	https://es.wikipedia.org/wiki/Capital variable							Variables Kapital	https://de.wikipedia.org/wiki/Variables Kapital	capital variável	https://pt.wikipedia.org/wiki/Capital variável					
Q380342	https://wikidata.org/wiki/Q380342	Manufaktur			https://wikidata.org/wiki/Q656720, https://wikidata.org/wiki/Q13235160			manufactura		manufactory	https://en.wikipedia.org/wiki/Craft production	manufacture	https://fr.wikipedia.org/wiki/Manufacture	manifattura	https://it.wikipedia.org/wiki/Manifattura	Manufaktur	https://de.wikipedia.org/wiki/Manufaktur	manufatura	https://pt.wikipedia.org/wiki/Manufatura	taller		manufaktura	https://cs.wikipedia.org/wiki/Manufaktura	
Q832045	https://wikidata.org/wiki/Q832045	Betriebsrisiko			https://wikidata.org/wiki/Q104493					business risk	https://en.wikipedia.org/wiki/Business risks					Betriebsrisiko	https://de.wikipedia.org/wiki/Betriebsrisiko			risc empresarial				
Q757382	https://wikidata.org/wiki/Q757382	Insolvenz		https://wikidata.org/wiki/Q29028649	https://wikidata.org/wiki/Q3505845, https://wikidata.org/wiki/Q1337875, https://wikidata.org/wiki/Q22087155	Kaudimengabezia	https://eu.wikipedia.org/wiki/Kaudimengabezia	insolvencia	https://es.wikipedia.org/wiki/Insolvencia	insolvency	https://en.wikipedia.org/wiki/Insolvency	insolvabilité	https://fr.wikipedia.org/wiki/Déconfiture	insolvenza	https://it.wikipedia.org/wiki/Insolvenza	Insolvenz	https://de.wikipedia.org/wiki/Insolvenz	insolvência	https://pt.wikipedia.org/wiki/Insolvência	insolvència		platební neschopnost	https://cs.wikipedia.org/wiki/Platební neschopnost	
Q4290	https://wikidata.org/wiki/Q4290	Investition			https://wikidata.org/wiki/Q1369832, https://wikidata.org/wiki/Q3380760	Inbertsio	https://eu.wikipedia.org/wiki/Inbestimendu	inversión	https://es.wikipedia.org/wiki/Inversión	investment	https://en.wikipedia.org/wiki/Investment	investissement	https://fr.wikipedia.org/wiki/Investissement	investimento	https://it.wikipedia.org/wiki/Investimento	Investition	https://de.wikipedia.org/wiki/Investition	investimento	https://pt.wikipedia.org/wiki/Investimento	inversió econòmica	https://ca.wikipedia.org/wiki/Inversió econòmica	investice	https://cs.wikipedia.org/wiki/Investice	
Q1728582	https://wikidata.org/wiki/Q1728582	Kapitalumschlag														Kapitalumschlag	https://de.wikipedia.org/wiki/Kapitalumschlag							
Q1113011	https://wikidata.org/wiki/Q1113011	Fixes_Kapital						Capital fijo		Fixed capital	https://en.wikipedia.org/wiki/Fixed capital	Capital fixe	https://fr.wikipedia.org/wiki/Capital fixe	Capitale fisso	https://it.wikipedia.org/wiki/Capitale fisso	Fixes Kapital	https://de.wikipedia.org/wiki/Fixes Kapital	Capital fixo	https://pt.wikipedia.org/wiki/Capital fixo					
-1	https://wikidata.org/wiki/-1	Amortisieren																						
Q205884	https://wikidata.org/wiki/Q205884	Zirkulierendes_Kapital								Circulating capital	https://en.wikipedia.org/wiki/Circulating capital	Capital circulant	https://fr.wikipedia.org/wiki/Capital circulant			Zirkulierendes Kapital	https://de.wikipedia.org/wiki/Zirkulierendes Kapital	Capital circulante	https://pt.wikipedia.org/wiki/Capital circulante					
Q1068683	https://wikidata.org/wiki/Q1068683	Schichtarbeit			https://wikidata.org/wiki/Q6958747			Trabajo por turnos	https://es.wikipedia.org/wiki/Trabajo por turnos	shift work	https://en.wikipedia.org/wiki/Shift work	travail posté	https://fr.wikipedia.org/wiki/Travail posté			Schichtarbeit	https://de.wikipedia.org/wiki/Schichtarbeit	trabalho por turnos	https://pt.wikipedia.org/wiki/Trabalho por turnos	treball per torns				
Q474182	https://wikidata.org/wiki/Q474182	Amortisation			https://wikidata.org/wiki/Q1077518	Amortizazio	https://eu.wikipedia.org/wiki/Amortizazio	amortización	https://es.wikipedia.org/wiki/Amortización	amortization (business)	https://en.wikipedia.org/wiki/Amortization (accounting)	amortissement	https://fr.wikipedia.org/wiki/Amortissement (finance)			Amortisation	https://de.wikipedia.org/wiki/Amortisation	amortização	https://pt.wikipedia.org/wiki/Amortização	amortització	https://ca.wikipedia.org/wiki/Amortització	úmor	https://cs.wikipedia.org/wiki/Úmor	
Q1271896	https://wikidata.org/wiki/Q1271896	Lebendige_Arbeit														Lebendige Arbeit	https://de.wikipedia.org/wiki/Lebendige Arbeit							
Q230683	https://wikidata.org/wiki/Q230683	Zusammensetzung_des_Kapitals						composición orgánica del capital	https://es.wikipedia.org/wiki/Composición orgánica del capital	organic composition of capital	https://en.wikipedia.org/wiki/Organic composition of capital	composition organique du capital	https://fr.wikipedia.org/wiki/Composition organique du capital			Zusammensetzung des Kapitals	https://de.wikipedia.org/wiki/Zusammensetzung des Kapitals							
Q333322	https://wikidata.org/wiki/Q333322	Abstrakte_Arbeit						Trabajo bifacético	https://es.wikipedia.org/wiki/Trabajo abstracto	abstract labour and concrete labour	https://en.wikipedia.org/wiki/Abstract labour and concrete labour					abstrakte Arbeit	https://de.wikipedia.org/wiki/Abstrakte Arbeit			Treball abstracte	https://ca.wikipedia.org/wiki/Treball abstracte			
Q260747	https://wikidata.org/wiki/Q260747	Produktionsmittel		https://wikidata.org/wiki/Q1433881, https://wikidata.org/wiki/Q29028649	https://wikidata.org/wiki/Q210947, https://wikidata.org/wiki/Q12894677	Ekoizpen-bide	https://eu.wikipedia.org/wiki/Ekoizpen-bide	medios de producción	https://es.wikipedia.org/wiki/Medios de producción	means of production	https://en.wikipedia.org/wiki/Means of production	moyens de production	https://fr.wikipedia.org/wiki/Moyens de production	mezzi di produzione	https://it.wikipedia.org/wiki/Mezzi di produzione	Produktionsmittel	https://de.wikipedia.org/wiki/Produktionsmittel	meios de produção	https://pt.wikipedia.org/wiki/Meios de produção	mitjans de producció	https://ca.wikipedia.org/wiki/Mitjans de producció	výrobní prostředek	https://cs.wikipedia.org/wiki/Výrobní prostředek	
-1	https://wikidata.org/wiki/-1	Produktivkraft_der_Arbeit																						
Q132076	https://wikidata.org/wiki/Q132076	Kapitalstock								capital stock						Kapitalstock	https://de.wikipedia.org/wiki/Kapitalstock							
Q350151	https://wikidata.org/wiki/Q350151	Volkswirtschaftliche_Gesamtrechnung		https://wikidata.org/wiki/Q10979515, https://wikidata.org/wiki/Q1047113	https://wikidata.org/wiki/Q4116214			contabilidad nacional	https://es.wikipedia.org/wiki/Contabilidad nacional	national accounts	https://en.wikipedia.org/wiki/National accounts	comptabilité nationale	https://fr.wikipedia.org/wiki/Comptabilité nationale	contabilità nazionale	https://it.wikipedia.org/wiki/Contabilità nazionale	Volkswirtschaftliche Gesamtrechnung	https://de.wikipedia.org/wiki/Volkswirtschaftliche Gesamtrechnung	contabilidade social	https://pt.wikipedia.org/wiki/Contabilidade social	comptabilitat nacional	https://ca.wikipedia.org/wiki/Comptabilitat nacional	národní důchod		
-1	https://wikidata.org/wiki/-1	Physiokraten																						
-1	https://wikidata.org/wiki/-1	Pachtvertrag																						
Q1728582	https://wikidata.org/wiki/Q1728582	Kapitalumschlag#Der_Umschlag_des_Gesamtkapitals														Kapitalumschlag	https://de.wikipedia.org/wiki/Kapitalumschlag							
Q7231	https://wikidata.org/wiki/Q7231	Rosa_Luxemburg		https://wikidata.org/wiki/Q5		Rosa Luxemburg	https://eu.wikipedia.org/wiki/Rosa Luxemburg	Rosa Luxemburgo	https://es.wikipedia.org/wiki/Rosa Luxemburgo	Rosa Luxemburg	https://en.wikipedia.org/wiki/Rosa Luxemburg	Rosa Luxemburg	https://fr.wikipedia.org/wiki/Rosa Luxemburg	Rosa Luxemburg	https://it.wikipedia.org/wiki/Rosa Luxemburg	Rosa Luxemburg	https://de.wikipedia.org/wiki/Rosa Luxemburg	Rosa Luxemburgo	https://pt.wikipedia.org/wiki/Rosa Luxemburgo	Rosa Luxemburg	https://ca.wikipedia.org/wiki/Rosa Luxemburg	Rosa Luxemburgová	https://cs.wikipedia.org/wiki/Rosa Luxemburgová	
Q1451360	https://wikidata.org/wiki/Q1451360	Mehrarbeit_(Marxismus)		https://wikidata.org/wiki/Q29028649				plustrabajo	https://es.wikipedia.org/wiki/Plustrabajo	surplus labour	https://en.wikipedia.org/wiki/Surplus labour					Mehrarbeit	https://de.wikipedia.org/wiki/Mehrarbeit (Marxismus)	mais-trabalho	https://pt.wikipedia.org/wiki/Mais-trabalho	Treball excedent	https://ca.wikipedia.org/wiki/Treball excedent			
Q1417820	https://wikidata.org/wiki/Q1417820	Neuwert_(Marxismus)								Value product	https://en.wikipedia.org/wiki/Value product					Neuwert	https://de.wikipedia.org/wiki/Neuwert (Marxismus)							
Q15853126	https://wikidata.org/wiki/Q15853126	Volkseinkommen			https://wikidata.org/wiki/Q9378373											Volkseinkommen	https://de.wikipedia.org/wiki/Volkseinkommen							
-1	https://wikidata.org/wiki/-1	Die_Akkumulation_des_Kapitals																						
Q9381	https://wikidata.org/wiki/Q9381	Adam_Smith#Rezeption		https://wikidata.org/wiki/Q5		Adam Smith	https://eu.wikipedia.org/wiki/Adam Smith	Adam Smith	https://es.wikipedia.org/wiki/Adam Smith	Adam Smith	https://en.wikipedia.org/wiki/Adam Smith	Adam Smith	https://fr.wikipedia.org/wiki/Adam Smith	Adam Smith	https://it.wikipedia.org/wiki/Adam Smith	Adam Smith	https://de.wikipedia.org/wiki/Adam Smith	Adam Smith	https://pt.wikipedia.org/wiki/Adam Smith	Adam Smith	https://ca.wikipedia.org/wiki/Adam Smith	Adam Smith	https://cs.wikipedia.org/wiki/Adam Smith	
Q225684	https://wikidata.org/wiki/Q225684	Lohnarbeit_und_Kapital		https://wikidata.org/wiki/Q7725634				Trabajo asalariado y capital	https://es.wikipedia.org/wiki/Trabajo asalariado y capital	Wage Labour and Capital	https://en.wikipedia.org/wiki/Wage Labour and Capital	Travail salarié et Capital	https://fr.wikipedia.org/wiki/Travail salarié et Capital	Lavoro salariato e capitale	https://it.wikipedia.org/wiki/Lavoro salariato e capitale	Lohnarbeit und Kapital	https://de.wikipedia.org/wiki/Lohnarbeit und Kapital	Trabalho Assalariado e Capital	https://pt.wikipedia.org/wiki/Trabalho Assalariado e Capital					
Q1758955	https://wikidata.org/wiki/Q1758955	Warenkorb		https://wikidata.org/wiki/Q1969448	https://wikidata.org/wiki/Q1969448			Canasta Básica Alimentaria	https://es.wikipedia.org/wiki/Canasta Básica Alimentaria	consumer basket	https://en.wikipedia.org/wiki/Market basket	panier moyen	https://fr.wikipedia.org/wiki/Panier moyen	Paniere	https://it.wikipedia.org/wiki/Paniere	Warenkorb	https://de.wikipedia.org/wiki/Warenkorb	Cesta básica	https://pt.wikipedia.org/wiki/Cesta de consumo			spotřební koš	https://cs.wikipedia.org/wiki/Spotřební koš	
Q2002624	https://wikidata.org/wiki/Q2002624	Notwendige_Arbeit														Notwendige Arbeit	https://de.wikipedia.org/wiki/Notwendige Arbeit							
Q941050	https://wikidata.org/wiki/Q941050	Allgemeine_Profitrate														Allgemeine Profitrate	https://de.wikipedia.org/wiki/Allgemeine Profitrate							
Q2112141	https://wikidata.org/wiki/Q2112141	Profitrate				Irabazi tasaren joera beherakorraren legea	https://eu.wikipedia.org/wiki/Irabazi tasaren joera beherakorraren legea	Tasa de ganancia	https://es.wikipedia.org/wiki/Tasa de ganancia	Rate of profit	https://en.wikipedia.org/wiki/Rate of profit					Profitrate	https://de.wikipedia.org/wiki/Profitrate							
Q1917602	https://wikidata.org/wiki/Q1917602	Mehrwertrate								Rate of surplus-value						Mehrwertrate	https://de.wikipedia.org/wiki/Mehrwertrate							
Q1497716	https://wikidata.org/wiki/Q1497716	Produktionspreis								prices of production	https://en.wikipedia.org/wiki/Prices of production					Produktionspreis	https://de.wikipedia.org/wiki/Produktionspreis							
Q60981980	https://wikidata.org/wiki/Q60981980	Immobiliarmiete								Immobiliarmiete						Immobiliarmiete	https://de.wikipedia.org/wiki/Immobiliarmiete					nájemné		
-1	https://wikidata.org/wiki/-1	Bodenrente																						
-1	https://wikidata.org/wiki/-1	Produktionsfaktorentheorie																						
Q13513	https://wikidata.org/wiki/Q13513	Jean-Baptiste_Say		https://wikidata.org/wiki/Q5		Jean-Baptiste Say	https://eu.wikipedia.org/wiki/Jean-Baptiste Say	Jean-Baptiste Say	https://es.wikipedia.org/wiki/Jean-Baptiste Say	Jean-Baptiste Say	https://en.wikipedia.org/wiki/Jean-Baptiste Say	Jean-Baptiste Say	https://fr.wikipedia.org/wiki/Jean-Baptiste Say	Jean-Baptiste Say	https://it.wikipedia.org/wiki/Jean-Baptiste Say	Jean-Baptiste Say	https://de.wikipedia.org/wiki/Jean-Baptiste Say	Jean-Baptiste Say	https://pt.wikipedia.org/wiki/Jean-Baptiste Say	Jean-Baptiste Say	https://ca.wikipedia.org/wiki/Jean-Baptiste Say	Jean-Baptiste Say	https://cs.wikipedia.org/wiki/Jean-Baptiste Say	
-1	https://wikidata.org/wiki/-1	Stalin																						
Q706486	https://wikidata.org/wiki/Q706486	Artel		https://wikidata.org/wiki/Q10541491	https://wikidata.org/wiki/Q43229, https://wikidata.org/wiki/Q27493			Artel	https://es.wikipedia.org/wiki/Artel	Artel	https://en.wikipedia.org/wiki/Artel	Artel	https://fr.wikipedia.org/wiki/Artel	Artel		Artel	https://de.wikipedia.org/wiki/Artel	Artel						
Q828814	https://wikidata.org/wiki/Q828814	Marktanteil		https://wikidata.org/wiki/Q64513524		Merkatu-kuota	https://eu.wikipedia.org/wiki/Merkatu-kuota	Cuota de mercado	https://es.wikipedia.org/wiki/Cuota de mercado	market share	https://en.wikipedia.org/wiki/Market share	part de marché	https://fr.wikipedia.org/wiki/Part de marché	Quota di mercato	https://it.wikipedia.org/wiki/Quota di mercato	Marktanteil	https://de.wikipedia.org/wiki/Marktanteil	Quota de mercado	https://pt.wikipedia.org/wiki/Quota de mercado	quota de mercat	https://ca.wikipedia.org/wiki/Quota de mercat	Tržní podíl	https://cs.wikipedia.org/wiki/Tržní podíl	
-1	https://wikidata.org/wiki/-1	Zinsen																						
Q730038	https://wikidata.org/wiki/Q730038	Kreditinstitut			https://wikidata.org/wiki/Q650241, https://wikidata.org/wiki/Q4830453	kreditu-erakunde	https://eu.wikipedia.org/wiki/Kreditu-erakunde	establecimiento crediticio		credit institution		établissement de crédit		ente creditizio		Kreditinstitut	https://de.wikipedia.org/wiki/Kreditinstitut	instituição de crédito		establiment creditici		úvěrová instituce		
Q1304878	https://wikidata.org/wiki/Q1304878	Relationship_Banking														Relationship Banking	https://de.wikipedia.org/wiki/Relationship Banking							
Q134161	https://wikidata.org/wiki/Q134161	Aktiengesellschaft		https://wikidata.org/wiki/Q1269299	https://wikidata.org/wiki/Q33685	akzio konpainia		sociedad por acciones	https://es.wikipedia.org/wiki/Sociedad por acciones	joint-stock company	https://en.wikipedia.org/wiki/Joint-stock company	société par actions	https://fr.wikipedia.org/wiki/Société par actions	società per azioni	https://it.wikipedia.org/wiki/Società per azioni	Aktiengesellschaft	https://de.wikipedia.org/wiki/Aktiengesellschaft	sociedade por ações	https://pt.wikipedia.org/wiki/Sociedade por ações	societat per accions		akciová společnost	https://cs.wikipedia.org/wiki/Akciová společnost	
Q43637	https://wikidata.org/wiki/Q43637	Monopol		https://wikidata.org/wiki/Q39072	https://wikidata.org/wiki/Q877707	Monopolio	https://eu.wikipedia.org/wiki/Monopolio	monopolio	https://es.wikipedia.org/wiki/Monopolio	monopoly	https://en.wikipedia.org/wiki/Monopoly	monopole	https://fr.wikipedia.org/wiki/Monopole	monopolio	https://it.wikipedia.org/wiki/Monopolio	Monopol	https://de.wikipedia.org/wiki/Monopol	monopólio	https://pt.wikipedia.org/wiki/Monopólio	monopoli	https://ca.wikipedia.org/wiki/Monopoli	monopol	https://cs.wikipedia.org/wiki/Monopol	
Q179216	https://wikidata.org/wiki/Q179216	Kartell			https://wikidata.org/wiki/Q16887380	Kartel	https://eu.wikipedia.org/wiki/Kartel (ekonomia)	cartel	https://es.wikipedia.org/wiki/Cartel (economía)	cartel	https://en.wikipedia.org/wiki/Cartel	cartel	https://fr.wikipedia.org/wiki/Cartel (économie)	cartello	https://it.wikipedia.org/wiki/Cartello	Kartell	https://de.wikipedia.org/wiki/Kartell	cartel	https://pt.wikipedia.org/wiki/Cartel	càrtel	https://ca.wikipedia.org/wiki/Càrtel	Kartel	https://cs.wikipedia.org/wiki/Kartel	
Q1656701	https://wikidata.org/wiki/Q1656701	Ideeller_Wert														Ideeller Wert	https://de.wikipedia.org/wiki/Ideeller Wert							
Q49958	https://wikidata.org/wiki/Q49958	Meinungsforschung		https://wikidata.org/wiki/Q268592	https://wikidata.org/wiki/Q814232, https://wikidata.org/wiki/Q3490295, https://wikidata.org/wiki/Q21004260, https://wikidata.org/wiki/Q58327829	Demoskopia	https://eu.wikipedia.org/wiki/Demoskopia	sondeo de opinión	https://es.wikipedia.org/wiki/Sondeo de opinión	opinion poll	https://en.wikipedia.org/wiki/Opinion poll	sondage d'opinion	https://fr.wikipedia.org/wiki/Sondage d'opinion	sondaggio d'opinione	https://it.wikipedia.org/wiki/Sondaggio d'opinione	Meinungsforschung	https://de.wikipedia.org/wiki/Meinungsforschung	pesquisa de opinião	https://pt.wikipedia.org/wiki/Pesquisa de opinião	enquesta d'opinió	https://ca.wikipedia.org/wiki/Sondeig d'opinió	průzkum veřejného mínění	https://cs.wikipedia.org/wiki/Průzkum veřejného mínění	
Q2604680	https://wikidata.org/wiki/Q2604680	Zielgruppe			https://wikidata.org/wiki/Q16334295	Helburu populazio	https://eu.wikipedia.org/wiki/Helburu populazio	público objeto		target audience	https://en.wikipedia.org/wiki/Target audience	audience cible		target	https://it.wikipedia.org/wiki/Target (pubblicità)	Zielgruppe	https://de.wikipedia.org/wiki/Zielgruppe			públic destinatari	https://ca.wikipedia.org/wiki/Públic destinatari	Cílová skupina	https://cs.wikipedia.org/wiki/Cílová skupina	
-1	https://wikidata.org/wiki/-1	Grenznutzentheorie																						
Q1199857	https://wikidata.org/wiki/Q1199857	Gesetz_des_tendenziellen_Falls_der_Profitrate		https://wikidata.org/wiki/Q4530436	https://wikidata.org/wiki/Q55919789			tendencia decreciente de la tasa de ganancia	https://es.wikipedia.org/wiki/Tendencia decreciente de la tasa de ganancia	tendency of the rate of profit to fall	https://en.wikipedia.org/wiki/Tendency of the rate of profit to fall	Baisse tendancielle du taux de profit	https://fr.wikipedia.org/wiki/Baisse tendancielle du taux de profit	caduta tendenziale del saggio di profitto	https://it.wikipedia.org/wiki/Caduta tendenziale del saggio di profitto	Gesetz des tendenziellen Falls der Profitrate	https://de.wikipedia.org/wiki/Gesetz des tendenziellen Falls der Profitrate		https://pt.wikipedia.org/wiki/Lei da tendência à queda da taxa de lucro	tendència decreixent de la taxa de guany		Zákon sestupné tendence míry zisku		
Q23002002	https://wikidata.org/wiki/Q23002002	Wachstumstheorie			https://wikidata.org/wiki/Q1401304					Growth theory	https://en.wikipedia.org/wiki/Growth theory	théorie de la croissance économique	https://fr.wikipedia.org/wiki/Théorie de la croissance économique			Wachstumstheorie	https://de.wikipedia.org/wiki/Wachstumstheorie							
Q420062	https://wikidata.org/wiki/Q420062	Akkumulation_(Wirtschaft)		https://wikidata.org/wiki/Q17737		Kapitalaren metaketa	https://eu.wikipedia.org/wiki/Kapitalaren metaketa	acumulación del capital	https://es.wikipedia.org/wiki/Acumulación del capital	capital accumulation	https://en.wikipedia.org/wiki/Capital accumulation	accumulation du capital	https://fr.wikipedia.org/wiki/Accumulation du capital			Akkumulation in der Wirtschaft	https://de.wikipedia.org/wiki/Akkumulation (Wirtschaft)	acumulação de capital	https://pt.wikipedia.org/wiki/Acumulação de capital	acumulació del capital	https://ca.wikipedia.org/wiki/Acumulació del capital	Akumulace kapitálu		
Q762702	https://wikidata.org/wiki/Q762702	Technischer_Fortschritt		https://wikidata.org/wiki/Q10979515, https://wikidata.org/wiki/Q11016, https://wikidata.org/wiki/Q174165	https://wikidata.org/wiki/Q1150070			progreso técnico	https://es.wikipedia.org/wiki/Progreso técnico	technological change	https://en.wikipedia.org/wiki/Technological change	progrès technique	https://fr.wikipedia.org/wiki/Progrès technique			technischer Fortschritt	https://de.wikipedia.org/wiki/Technischer Fortschritt	mudança tecnológica	https://pt.wikipedia.org/wiki/Mudança tecnológica	canvi tecnològic	https://ca.wikipedia.org/wiki/Canvi tecnològic	technologický pokrok	https://cs.wikipedia.org/wiki/Technologický pokrok	
Q319676	https://wikidata.org/wiki/Q319676	Wettbewerb_(Wirtschaft)		https://wikidata.org/wiki/Q29028649, https://wikidata.org/wiki/Q930933	https://wikidata.org/wiki/Q476300	konkurrentzia	https://eu.wikipedia.org/wiki/Konkurrentzia	competencia	https://es.wikipedia.org/wiki/Competencia (economía)	competition	https://en.wikipedia.org/wiki/Competition (economics)	concurrence	https://fr.wikipedia.org/wiki/Concurrence	concorrenza	https://it.wikipedia.org/wiki/Concorrenza (economia)	wirtschaftlicher Wettbewerb	https://de.wikipedia.org/wiki/Wettbewerb (Wirtschaft)	concorrência	https://pt.wikipedia.org/wiki/Concorrência (economia)	competència	https://ca.wikipedia.org/wiki/Competència econòmica	hospodářská soutěž	https://cs.wikipedia.org/wiki/Hospodářská soutěž	
Q190632	https://wikidata.org/wiki/Q190632	Zentralisation_(Wirtschaftswissenschaften)			https://wikidata.org/wiki/Q3249551	Zentralismo		centralización		centralisation	https://en.wikipedia.org/wiki/Centralisation	centralisation	https://fr.wikipedia.org/wiki/Centralisation (histoire)	centralizzazione	https://it.wikipedia.org/wiki/Centralizzazione	Zentralisation	https://de.wikipedia.org/wiki/Zentralisation (Wirtschaftswissenschaften)					centralizace		
Q1363768	https://wikidata.org/wiki/Q1363768	Fusion_(Wirtschaft)		https://wikidata.org/wiki/Q29028649	https://wikidata.org/wiki/Q17853087, https://wikidata.org/wiki/Q106201455, https://wikidata.org/wiki/Q2245405			fusión		amalgamation		fusion d'entreprises	https://fr.wikipedia.org/wiki/Fusion d'entreprises	fusione		Fusion	https://de.wikipedia.org/wiki/Fusion (Wirtschaft)			fusió empresarial				
Q206361	https://wikidata.org/wiki/Q206361	Konzern			https://wikidata.org/wiki/Q17326725	Konzern	https://eu.wikipedia.org/wiki/Konzern	konzern	https://es.wikipedia.org/wiki/Konzern	concern	https://en.wikipedia.org/wiki/Concern (business)	konzern	https://fr.wikipedia.org/wiki/Konzern	Konzern		Konzern	https://de.wikipedia.org/wiki/Konzern	konzern	https://pt.wikipedia.org/wiki/Konzern	Konzern		koncern		
-1	https://wikidata.org/wiki/-1	Multinationaler_Konzern																						
Q7260	https://wikidata.org/wiki/Q7260	Imperialismus		https://wikidata.org/wiki/Q151885	https://wikidata.org/wiki/Q7257	Inperialismo	https://eu.wikipedia.org/wiki/Inperialismo	imperialismo	https://es.wikipedia.org/wiki/Imperialismo	imperialism	https://en.wikipedia.org/wiki/Imperialism	impérialisme	https://fr.wikipedia.org/wiki/Impérialisme	imperialismo	https://it.wikipedia.org/wiki/Imperialismo	Imperialismus	https://de.wikipedia.org/wiki/Imperialismus	imperialismo	https://pt.wikipedia.org/wiki/Imperialismo	imperialisme	https://ca.wikipedia.org/wiki/Imperialisme	Imperialismus	https://cs.wikipedia.org/wiki/Imperialismus	
Q16866286	https://wikidata.org/wiki/Q16866286	Weltmarkt		https://wikidata.org/wiki/Q4167410		World market		World market		World market	https://en.wikipedia.org/wiki/World market	World market		World market		World market	https://de.wikipedia.org/wiki/Weltmarkt	World market		World market		World market		
Q60769407	https://wikidata.org/wiki/Q60769407	Anarchie_der_Produktion								Anarchy of Production	https://en.wikipedia.org/wiki/Anarchy of production					Anarchie der Produktion	https://de.wikipedia.org/wiki/Anarchie der Produktion							
-1	https://wikidata.org/wiki/-1	Utopischer_Sozialismus																						
Q82934	https://wikidata.org/wiki/Q82934	Henri_de_Saint-Simon		https://wikidata.org/wiki/Q5		Henri Saint-Simongoa	https://eu.wikipedia.org/wiki/Henri Saint-Simongoa	Henri de Saint-Simon	https://es.wikipedia.org/wiki/Henri de Saint-Simon	Claude Henri de Rouvroy, comte de Saint-Simon	https://en.wikipedia.org/wiki/Henri de Saint-Simon	Claude-Henri de Rouvroy de Saint-Simon	https://fr.wikipedia.org/wiki/Claude-Henri de Rouvroy de Saint-Simon	Henri de Saint-Simon	https://it.wikipedia.org/wiki/Claude-Henri de Rouvroy de Saint-Simon	Henri de Saint-Simon	https://de.wikipedia.org/wiki/Henri de Saint-Simon	Conde de Saint-Simon	https://pt.wikipedia.org/wiki/Conde de Saint-Simon	Claude-Henri de Rouvroy, Comte de Saint-Simon	https://ca.wikipedia.org/wiki/Claude-Henri de Rouvroy	Henri de Saint-Simon	https://cs.wikipedia.org/wiki/Henri de Saint-Simon	
Q268592	https://wikidata.org/wiki/Q268592	Wirtschaftszweig		https://wikidata.org/wiki/Q3958441, https://wikidata.org/wiki/Q5962346, https://wikidata.org/wiki/Q29028649	https://wikidata.org/wiki/Q58778	ekonomiaren adar		industria		industry	https://en.wikipedia.org/wiki/Industry (economics)	branche économique	https://fr.wikipedia.org/wiki/Branche d'activité	ramo economico		Wirtschaftszweig	https://de.wikipedia.org/wiki/Wirtschaftszweig	ramo da economia		sector econòmic		ekonomické odvětví		
Q192311	https://wikidata.org/wiki/Q192311	Konjunktur		https://wikidata.org/wiki/Q1401304	https://wikidata.org/wiki/Q1150070, https://wikidata.org/wiki/Q2692606	Ziklo ekonomiko	https://eu.wikipedia.org/wiki/Ziklo ekonomiko	ciclo económico	https://es.wikipedia.org/wiki/Ciclo económico	business cycle	https://en.wikipedia.org/wiki/Business cycle	cycle économique	https://fr.wikipedia.org/wiki/Cycle économique	Ciclo economico	https://it.wikipedia.org/wiki/Ciclo economico	Konjunktur	https://de.wikipedia.org/wiki/Konjunktur	ciclo económico	https://pt.wikipedia.org/wiki/Ciclo econômico	conjuntura		Hospodářský cyklus	https://cs.wikipedia.org/wiki/Hospodářský cyklus	
-1	https://wikidata.org/wiki/-1	Sozialist																						
Q379699	https://wikidata.org/wiki/Q379699	Jules_Guesde		https://wikidata.org/wiki/Q5		Jules Guesde	https://eu.wikipedia.org/wiki/Jules Guesde	Jules Guesde	https://es.wikipedia.org/wiki/Jules Guesde	Jules Guesde	https://en.wikipedia.org/wiki/Jules Guesde	Jules Guesde	https://fr.wikipedia.org/wiki/Jules Guesde	Jules Guesde	https://it.wikipedia.org/wiki/Jules Guesde	Jules Guesde	https://de.wikipedia.org/wiki/Jules Guesde	Jules Guesde	https://pt.wikipedia.org/wiki/Jules Guesde	Jules Guesde	https://ca.wikipedia.org/wiki/Jules Guesde	Jules Guesde		
-1	https://wikidata.org/wiki/-1	Absatzmarkt																						
Q2383321	https://wikidata.org/wiki/Q2383321	Rendite			https://wikidata.org/wiki/Q1499548					yield	https://en.wikipedia.org/wiki/Yield (finance)	rendement	https://fr.wikipedia.org/wiki/Rendement			Rendite	https://de.wikipedia.org/wiki/Rendite							
-1	https://wikidata.org/wiki/-1	Durchschnittsprofitrate																						
Q61563784	https://wikidata.org/wiki/Q61563784	Wachstumszwang		https://wikidata.org/wiki/Q70274700						growth imperative	https://en.wikipedia.org/wiki/Growth imperative					Wachstumszwang	https://de.wikipedia.org/wiki/Wachstumszwang							
Q1166072	https://wikidata.org/wiki/Q1166072	Transaktion_(Wirtschaft)		https://wikidata.org/wiki/Q601401, https://wikidata.org/wiki/Q29028649	https://wikidata.org/wiki/Q7831917	Finantza transakzio	https://eu.wikipedia.org/wiki/Finantza transakzio	transacción financiera	https://es.wikipedia.org/wiki/Transacción financiera	financial transaction	https://en.wikipedia.org/wiki/Financial transaction	opération financière	https://fr.wikipedia.org/wiki/Opération financière	operazione finanziaria		Transaktion	https://de.wikipedia.org/wiki/Transaktion (Wirtschaft)	transação financeira	https://pt.wikipedia.org/wiki/Transação financeira	transacció financera	https://ca.wikipedia.org/wiki/Transacció financera	finanční transakce	https://cs.wikipedia.org/wiki/Finanční transakce	
-1	https://wikidata.org/wiki/-1	Selbstkostenpreis																						
Q15824302	https://wikidata.org/wiki/Q15824302	Kostpreis														Kostpreis	https://de.wikipedia.org/wiki/Kostpreis							
Q868	https://wikidata.org/wiki/Q868	Aristoteles		https://wikidata.org/wiki/Q5		Aristoteles	https://eu.wikipedia.org/wiki/Aristoteles	Aristóteles	https://es.wikipedia.org/wiki/Aristóteles	Aristotle	https://en.wikipedia.org/wiki/Aristotle	Aristote	https://fr.wikipedia.org/wiki/Aristote	Aristotele	https://it.wikipedia.org/wiki/Aristotele	Aristoteles	https://de.wikipedia.org/wiki/Aristoteles	Aristóteles	https://pt.wikipedia.org/wiki/Aristóteles	Aristòtil	https://ca.wikipedia.org/wiki/Aristòtil	Aristotelés	https://cs.wikipedia.org/wiki/Aristotelés	
Q291043	https://wikidata.org/wiki/Q291043	Gerechter_Preis		https://wikidata.org/wiki/Q17737				precio justo	https://es.wikipedia.org/wiki/Precio justo	just price	https://en.wikipedia.org/wiki/Just price	juste prix	https://fr.wikipedia.org/wiki/Juste prix			Gerechter Preis	https://de.wikipedia.org/wiki/Gerechter Preis							
-1	https://wikidata.org/wiki/-1	Preisdumping																						
-1	https://wikidata.org/wiki/-1	Proportional																						
Q253623	https://wikidata.org/wiki/Q253623	Patent			https://wikidata.org/wiki/Q131257, https://wikidata.org/wiki/Q732577	Patente	https://eu.wikipedia.org/wiki/Patente	patente	https://es.wikipedia.org/wiki/Patente	patent	https://en.wikipedia.org/wiki/Patent	brevet	https://fr.wikipedia.org/wiki/Brevet	brevetto	https://it.wikipedia.org/wiki/Brevetto	Patent	https://de.wikipedia.org/wiki/Patent	patente	https://pt.wikipedia.org/wiki/Patente	patent	https://ca.wikipedia.org/wiki/Patent	patent	https://cs.wikipedia.org/wiki/Patent	
Q584987	https://wikidata.org/wiki/Q584987	Arbeitswerttheorie		https://wikidata.org/wiki/Q1401304				teoría del valor-trabajo	https://es.wikipedia.org/wiki/Teoría del valor-trabajo	labor theory of value	https://en.wikipedia.org/wiki/Labor theory of value	théorie de la valeur-travail	https://fr.wikipedia.org/wiki/Valeur-travail (économie)	teoria del lavoro socialmente necessario	https://it.wikipedia.org/wiki/Teoria del lavoro socialmente necessario	Arbeitswerttheorie	https://de.wikipedia.org/wiki/Arbeitswerttheorie	teoria do valor-trabalho	https://pt.wikipedia.org/wiki/Teoria do valor-trabalho	Teoria del valor treball	https://ca.wikipedia.org/wiki/Teoria del valor treball	pracovní teorie hodnoty	https://cs.wikipedia.org/wiki/Pracovní teorie hodnoty	
Q1375678	https://wikidata.org/wiki/Q1375678	Wertgesetz		https://wikidata.org/wiki/Q7264, https://wikidata.org/wiki/Q1401304				ley del valor	https://es.wikipedia.org/wiki/Ley del valor	law of value	https://en.wikipedia.org/wiki/Law of value	théorie de la valeur	https://fr.wikipedia.org/wiki/Théorie de la valeur (marxisme)	teoria marxiana del valore	https://it.wikipedia.org/wiki/Teoria marxiana del valore	Wertgesetz	https://de.wikipedia.org/wiki/Wertgesetz	lei do valor	https://pt.wikipedia.org/wiki/Lei do valor	Llei del valor	https://ca.wikipedia.org/wiki/Llei del valor			
Q16569668	https://wikidata.org/wiki/Q16569668	Marxistische_Krisentheorie		https://wikidata.org/wiki/Q854537, https://wikidata.org/wiki/Q33123638				crisis cíclicas	https://es.wikipedia.org/wiki/Crisis cíclicas	crisis theory	https://en.wikipedia.org/wiki/Crisis theory					Marxistische Krisentheorie	https://de.wikipedia.org/wiki/Marxistische Krisentheorie	crise do capitalismo	https://pt.wikipedia.org/wiki/Crise do capitalismo					
Q1780190	https://wikidata.org/wiki/Q1780190	Revisionismus			https://wikidata.org/wiki/Q131841, https://wikidata.org/wiki/Q1991663			revisionismo		revisionism		révisionnisme		revisionismo	https://it.wikipedia.org/wiki/Revisionismo	Revisionismus	https://de.wikipedia.org/wiki/Revisionismus	revisionismo	https://pt.wikipedia.org/wiki/Revisionismo			revizionismus	https://cs.wikipedia.org/wiki/Revizionismus	
Q75786	https://wikidata.org/wiki/Q75786	Eduard_Bernstein		https://wikidata.org/wiki/Q5		Eduard Bernstein	https://eu.wikipedia.org/wiki/Eduard Bernstein	Eduard Bernstein	https://es.wikipedia.org/wiki/Eduard Bernstein	Eduard Bernstein	https://en.wikipedia.org/wiki/Eduard Bernstein	Eduard Bernstein	https://fr.wikipedia.org/wiki/Eduard Bernstein	Eduard Bernstein	https://it.wikipedia.org/wiki/Eduard Bernstein	Eduard Bernstein	https://de.wikipedia.org/wiki/Eduard Bernstein	Eduard Bernstein	https://pt.wikipedia.org/wiki/Eduard Bernstein	Eduard Bernstein	https://ca.wikipedia.org/wiki/Eduard Bernstein	Eduard Bernstein	https://cs.wikipedia.org/wiki/Eduard Bernstein	
-1	https://wikidata.org/wiki/-1	Kapitalakkumulation																						
Q626021	https://wikidata.org/wiki/Q626021	Saysches_Theorem		https://wikidata.org/wiki/Q4530436		Sayren legea	https://eu.wikipedia.org/wiki/Sayren legea	ley de Say	https://es.wikipedia.org/wiki/Ley de Say	Say's law	https://en.wikipedia.org/wiki/Say's law	loi de Say	https://fr.wikipedia.org/wiki/Loi de Say	legge di Say	https://it.wikipedia.org/wiki/Legge di Say	Saysches Theorem	https://de.wikipedia.org/wiki/Saysches Theorem	Lei de Say	https://pt.wikipedia.org/wiki/Lei de Say	llei de Say	https://ca.wikipedia.org/wiki/Llei de Say	Sayův zákon	https://cs.wikipedia.org/wiki/Sayův zákon	
Q182076	https://wikidata.org/wiki/Q182076	Kredit		https://wikidata.org/wiki/Q29028649	https://wikidata.org/wiki/Q189539, https://wikidata.org/wiki/Q3196867	Kreditu	https://eu.wikipedia.org/wiki/Kreditu (finantza)	crédito	https://es.wikipedia.org/wiki/Crédito	credit	https://en.wikipedia.org/wiki/Credit	crédit	https://fr.wikipedia.org/wiki/Crédit	credito	https://it.wikipedia.org/wiki/Credito	Kredit	https://de.wikipedia.org/wiki/Kredit	crédito	https://pt.wikipedia.org/wiki/Crédito	crèdit	https://ca.wikipedia.org/wiki/Crèdit	úvěr	https://cs.wikipedia.org/wiki/Úvěr	
Q15854861	https://wikidata.org/wiki/Q15854861	Wirtschaftskartell		https://wikidata.org/wiki/Q43229	https://wikidata.org/wiki/Q179216											Wirtschaftskartell	https://de.wikipedia.org/wiki/Wirtschaftskartell							
Q1133938	https://wikidata.org/wiki/Q1133938	Trust_(Wirtschaft)		https://wikidata.org/wiki/Q10541491	https://wikidata.org/wiki/Q4830453	Trust	https://eu.wikipedia.org/wiki/Trust	trust	https://es.wikipedia.org/wiki/Trust	trust	https://en.wikipedia.org/wiki/Trust (business)	trust	https://fr.wikipedia.org/wiki/Trust (économie)	Società fiduciaria		Trust	https://de.wikipedia.org/wiki/Trust (Wirtschaft)	truste	https://pt.wikipedia.org/wiki/Truste	trust	https://ca.wikipedia.org/wiki/Trust			
-1	https://wikidata.org/wiki/-1	Aktienkapital																						
Q52389	https://wikidata.org/wiki/Q52389	Zoll_(Abgabe)		https://wikidata.org/wiki/Q692412, https://wikidata.org/wiki/Q16102139	https://wikidata.org/wiki/Q736288, https://wikidata.org/wiki/Q7832074	Muga-zerga	https://eu.wikipedia.org/wiki/Muga-zerga	arancel	https://es.wikipedia.org/wiki/Arancel	tariff	https://en.wikipedia.org/wiki/Tariff	droit de douane	https://fr.wikipedia.org/wiki/Droit de douane	dazio	https://it.wikipedia.org/wiki/Dazio	Zoll	https://de.wikipedia.org/wiki/Zoll (Abgabe)	taxa alfandegária	https://pt.wikipedia.org/wiki/Taxa alfandegária	aranzel	https://ca.wikipedia.org/wiki/Aranzel	clo	https://cs.wikipedia.org/wiki/Clo	
Q177266	https://wikidata.org/wiki/Q177266	Militarismus		https://wikidata.org/wiki/Q33104069	https://wikidata.org/wiki/Q12909644, https://wikidata.org/wiki/Q188976	Militarismo	https://eu.wikipedia.org/wiki/Militarismo	militarismo	https://es.wikipedia.org/wiki/Militarismo	militarism	https://en.wikipedia.org/wiki/Militarism	militarisme	https://fr.wikipedia.org/wiki/Militarisme	militarismo	https://it.wikipedia.org/wiki/Militarismo	Militarismus	https://de.wikipedia.org/wiki/Militarismus	militarismo	https://pt.wikipedia.org/wiki/Militarismo	militarisme	https://ca.wikipedia.org/wiki/Militarisme	militarismus	https://cs.wikipedia.org/wiki/Militarismus	
Q25378228	https://wikidata.org/wiki/Q25378228	Investitionstheorie								Operational investment theory						Investitionstheorie	https://de.wikipedia.org/wiki/Investitionstheorie							
Q1391183	https://wikidata.org/wiki/Q1391183	Michail_Iwanowitsch_Tugan-Baranowski		https://wikidata.org/wiki/Q5				Mijaíl Tugan-Baranovsky	https://es.wikipedia.org/wiki/Mijaíl Tugán-Baranovski	Mikhail Tugan-Baranovsky	https://en.wikipedia.org/wiki/Mikhail Tugan-Baranovsky	Mikhaïl Tougane-Baranovski		Michail Ivanovič Tugan-Baranovskij		Michail Iwanowitsch Tugan-Baranowski	https://de.wikipedia.org/wiki/Michail Iwanowitsch Tugan-Baranowski	Mikhail Tugan-Baranovski	https://pt.wikipedia.org/wiki/Mikhail Tugan-Baranovski	Mikhailo Tugan-Baranovski				
Q3589455	https://wikidata.org/wiki/Q3589455	Marktgleichgewicht		https://wikidata.org/wiki/Q64513524	https://wikidata.org/wiki/Q1530271					market equilibrium		équilibre de marché	https://fr.wikipedia.org/wiki/Équilibre de marché			Marktgleichgewicht	https://de.wikipedia.org/wiki/Marktgleichgewicht							
Q1781712	https://wikidata.org/wiki/Q1781712	Konjunkturtheorie		https://wikidata.org/wiki/Q17737												Konjunkturtheorie	https://de.wikipedia.org/wiki/Konjunkturtheorie							
-1	https://wikidata.org/wiki/-1	Staatsintervention																						
Q83937	https://wikidata.org/wiki/Q83937	Keynesianismus		https://wikidata.org/wiki/Q3048444		Keynesianismo	https://eu.wikipedia.org/wiki/Keynesianismo	keynesianismo	https://es.wikipedia.org/wiki/Keynesianismo	Keynesian economics	https://en.wikipedia.org/wiki/Keynesian economics	keynésianisme	https://fr.wikipedia.org/wiki/Keynésianisme	economia keynesiana	https://it.wikipedia.org/wiki/Economia keynesiana	Keynesianismus	https://de.wikipedia.org/wiki/Keynesianismus	Escola keynesiana	https://pt.wikipedia.org/wiki/Escola keynesiana	Keynesianisme	https://ca.wikipedia.org/wiki/Keynesianisme	Keynesiánství	https://cs.wikipedia.org/wiki/Keynesiánství	
Q111287	https://wikidata.org/wiki/Q111287	Hans-Georg_Backhaus		https://wikidata.org/wiki/Q5				Hans-Georg Backhaus		Hans-Georg Backhaus	https://en.wikipedia.org/wiki/Hans-Georg Backhaus	Hans-Georg Backhaus		Hans-Georg Backhaus		Hans-Georg Backhaus	https://de.wikipedia.org/wiki/Hans-Georg Backhaus	Hans-Georg Backhaus		Hans-Georg Backhaus				
Q122514	https://wikidata.org/wiki/Q122514	Michael_Heinrich_(Politikwissenschaftler)		https://wikidata.org/wiki/Q5				Michael Heinrich		Michael Heinrich	https://en.wikipedia.org/wiki/Michael Heinrich	Michael Heinrich	https://fr.wikipedia.org/wiki/Michael Heinrich	Michael Heinrich		Michael Heinrich	https://de.wikipedia.org/wiki/Michael Heinrich (Politikwissenschaftler)	Michael Heinrich		Michael Heinrich				
Q165121	https://wikidata.org/wiki/Q165121	Ernest_Mandel		https://wikidata.org/wiki/Q5				Ernest Mandel	https://es.wikipedia.org/wiki/Ernest Mandel	Ernest Mandel	https://en.wikipedia.org/wiki/Ernest Mandel	Ernest Mandel	https://fr.wikipedia.org/wiki/Ernest Mandel	Ernest Mandel	https://it.wikipedia.org/wiki/Ernest Mandel	Ernest Mandel	https://de.wikipedia.org/wiki/Ernest Mandel	Ernest Mandel	https://pt.wikipedia.org/wiki/Ernest Mandel	Ernest Mandel	https://ca.wikipedia.org/wiki/Ernest Mandel	Ernest Mandel	https://cs.wikipedia.org/wiki/Ernest Mandel	
Q1672692	https://wikidata.org/wiki/Q1672692	Iring_Fetscher		https://wikidata.org/wiki/Q5				Iring Fetscher	https://es.wikipedia.org/wiki/Iring Fetscher	Iring Fetscher	https://en.wikipedia.org/wiki/Iring Fetscher	Iring Fetscher	https://fr.wikipedia.org/wiki/Iring Fetscher	Iring Fetscher	https://it.wikipedia.org/wiki/Iring Fetscher	Iring Fetscher	https://de.wikipedia.org/wiki/Iring Fetscher	Iring Fetscher		Iring Fetscher		Iring Fescher		
Q214953	https://wikidata.org/wiki/Q214953	Roman_Rosdolsky		https://wikidata.org/wiki/Q5				Roman Rosdolsky		Roman Rosdolsky	https://en.wikipedia.org/wiki/Roman Rozdolsky	Roman Rosdolsky		Roman Rosdolsky		Roman Rosdolsky	https://de.wikipedia.org/wiki/Roman Rosdolsky	Roman Rosdolsky	https://pt.wikipedia.org/wiki/Roman Rosdolsky	Roman Rosdolsky				
Q230277	https://wikidata.org/wiki/Q230277	Zur_Entstehungsgeschichte_des_Marxschen_Kapital		https://wikidata.org/wiki/Q7725634, https://wikidata.org/wiki/Q277759				Génesis y estructura de El Capital de Marx		The Making of Marx's Capital		Genèse du "Capital" chez Karl Marx		Genesi e struttura del "Capitale" di Marx		Zur Entstehungsgeschichte des Marxschen Kapital	https://de.wikipedia.org/wiki/Zur Entstehungsgeschichte des Marxschen Kapital	Gênese e estrutura de O Capital de Karl Marx						
Q1375237	https://wikidata.org/wiki/Q1375237	Europa_Verlag		https://wikidata.org/wiki/Q2085381, https://wikidata.org/wiki/Q1320047						Europa Verlag		Europa Verlag		Europa Verlag		Europa Verlag	https://de.wikipedia.org/wiki/Europa Verlag							
Q1395509	https://wikidata.org/wiki/Q1395509	Postum			https://wikidata.org/wiki/Q1207505			póstumo	https://es.wikipedia.org/wiki/Reconocimiento póstumo	posthumous	https://en.wikipedia.org/wiki/Posthumous promotion	posthume				postum	https://de.wikipedia.org/wiki/Postum	homenagem póstuma	https://pt.wikipedia.org/wiki/Homenagem póstuma	pòstum		posmrtně		
Q2427567	https://wikidata.org/wiki/Q2427567	Thomas_T._Sekine		https://wikidata.org/wiki/Q5				Thomas T. Sekine		Thomas T. Sekine	https://en.wikipedia.org/wiki/Thomas T. Sekine	Thomas T. Sekine				Thomas T. Sekine	https://de.wikipedia.org/wiki/Thomas T. Sekine							
Q859	https://wikidata.org/wiki/Q859	Platon		https://wikidata.org/wiki/Q5		Platon	https://eu.wikipedia.org/wiki/Platon	Platón	https://es.wikipedia.org/wiki/Platón	Plato	https://en.wikipedia.org/wiki/Plato	Platon	https://fr.wikipedia.org/wiki/Platon	Platone	https://it.wikipedia.org/wiki/Platone	Platon	https://de.wikipedia.org/wiki/Platon	Platão	https://pt.wikipedia.org/wiki/Platão	Plató	https://ca.wikipedia.org/wiki/Plató	Platón	https://cs.wikipedia.org/wiki/Platón	
Q123397	https://wikidata.org/wiki/Q123397	Politeia		https://wikidata.org/wiki/Q7725634		Errepublika	https://eu.wikipedia.org/wiki/Errepublika (Platon)	República	https://es.wikipedia.org/wiki/República (Platón)	The Republic	https://en.wikipedia.org/wiki/Republic (Plato)	La République	https://fr.wikipedia.org/wiki/La République	La Repubblica	https://it.wikipedia.org/wiki/La Repubblica (dialogo)	Politeia	https://de.wikipedia.org/wiki/Politeia	A República	https://pt.wikipedia.org/wiki/A República	La República	https://ca.wikipedia.org/wiki/La República (Plató)	ústava	https://cs.wikipedia.org/wiki/Ústava (Platón)	
Q34787	https://wikidata.org/wiki/Q34787	Friedrich_Engels		https://wikidata.org/wiki/Q20088846, https://wikidata.org/wiki/Q5		Friedrich Engels	https://eu.wikipedia.org/wiki/Friedrich Engels	Friedrich Engels	https://es.wikipedia.org/wiki/Friedrich Engels	Friedrich Engels	https://en.wikipedia.org/wiki/Friedrich Engels	Friedrich Engels	https://fr.wikipedia.org/wiki/Friedrich Engels	Friedrich Engels	https://it.wikipedia.org/wiki/Friedrich Engels	Friedrich Engels	https://de.wikipedia.org/wiki/Friedrich Engels	Friedrich Engels	https://pt.wikipedia.org/wiki/Friedrich Engels	Friedrich Engels	https://ca.wikipedia.org/wiki/Friedrich Engels	Friedrich Engels	https://cs.wikipedia.org/wiki/Friedrich Engels	
-1	https://wikidata.org/wiki/-1	Manifest_der_kommunistischen_Partei																						
-1	https://wikidata.org/wiki/-1	Lenin																						
Q893785	https://wikidata.org/wiki/Q893785	Boris_Souvarine		https://wikidata.org/wiki/Q5				Boris Souvarine	https://es.wikipedia.org/wiki/Boris Souvarine	Boris Souvarine	https://en.wikipedia.org/wiki/Boris Souvarine	Boris Souvarine	https://fr.wikipedia.org/wiki/Boris Souvarine	Boris Souvarine	https://it.wikipedia.org/wiki/Boris Souvarine	Boris Souvarine	https://de.wikipedia.org/wiki/Boris Souvarine	Boris Souvarine	https://pt.wikipedia.org/wiki/Boris Souvarine	Boris Souvarine		Boris Souvarine		
Q1086765	https://wikidata.org/wiki/Q1086765	Christopher_J._Arthur		https://wikidata.org/wiki/Q5				Christopher J. Arthur		Christopher J. Arthur		Christopher J. Arthur		Christopher J. Arthur		Christopher J. Arthur	https://de.wikipedia.org/wiki/Christopher J. Arthur			Christopher J. Arthur				
Q76586	https://wikidata.org/wiki/Q76586	Karl_Kautsky		https://wikidata.org/wiki/Q5		Karl Kautsky	https://eu.wikipedia.org/wiki/Karl Kautsky	Karl Kautsky	https://es.wikipedia.org/wiki/Karl Kautsky	Karl Kautsky	https://en.wikipedia.org/wiki/Karl Kautsky	Karl Kautsky	https://fr.wikipedia.org/wiki/Karl Kautsky	Karl Kautsky	https://it.wikipedia.org/wiki/Karl Kautsky	Karl Kautsky	https://de.wikipedia.org/wiki/Karl Kautsky	Karl Kautsky	https://pt.wikipedia.org/wiki/Karl Kautsky	Karl Kautsky	https://ca.wikipedia.org/wiki/Karl Kautsky	Karl Kautsky	https://cs.wikipedia.org/wiki/Karl Kautsky	
-1	https://wikidata.org/wiki/-1	Henryk_Grossman																						
Q152388	https://wikidata.org/wiki/Q152388	Theodor_W._Adorno		https://wikidata.org/wiki/Q5		Theodor Wiesengrund Adorno	https://eu.wikipedia.org/wiki/Theodor W. Adorno	Theodor Adorno	https://es.wikipedia.org/wiki/Theodor Adorno	Theodor W. Adorno	https://en.wikipedia.org/wiki/Theodor W. Adorno	Theodor W. Adorno	https://fr.wikipedia.org/wiki/Theodor W. Adorno	Theodor Adorno	https://it.wikipedia.org/wiki/Theodor W. Adorno	Theodor W. Adorno	https://de.wikipedia.org/wiki/Theodor W. Adorno	Theodor W. Adorno	https://pt.wikipedia.org/wiki/Theodor W. Adorno	Theodor Adorno	https://ca.wikipedia.org/wiki/Theodor Adorno	Theodor W. Adorno	https://cs.wikipedia.org/wiki/Theodor W. Adorno	
Q1187315	https://wikidata.org/wiki/Q1187315	Isaak_Iljitsch_Rubin		https://wikidata.org/wiki/Q5				Isaak Illich Rubin	https://es.wikipedia.org/wiki/Isaak Rubin	Isaak Illich Rubin	https://en.wikipedia.org/wiki/Isaak Illich Rubin	Isaak Roubine	https://fr.wikipedia.org/wiki/Isaak Roubine	Isaak Rubin	https://it.wikipedia.org/wiki/Isaak Rubin	Isaak Iljitsch Rubin	https://de.wikipedia.org/wiki/Isaak Iljitsch Rubin	Isaak Rubin	https://pt.wikipedia.org/wiki/Isaak Rubin			Isaak Il'jič Rubin		
Q1702084	https://wikidata.org/wiki/Q1702084	John_Wade		https://wikidata.org/wiki/Q5				John Wade		John Wade	https://en.wikipedia.org/wiki/John Wade (author)	John Wade		John Wade		John Wade	https://de.wikipedia.org/wiki/John Wade			John Wade				
Q1463033	https://wikidata.org/wiki/Q1463033	Schwund		https://wikidata.org/wiki/Q4167410		Schwund		Schwund		Schwund		Schwund		Schwund		Schwund	https://de.wikipedia.org/wiki/Schwund	Schwund		Schwund		Schwund		
Q1470246	https://wikidata.org/wiki/Q1470246	Transportkosten			https://wikidata.org/wiki/Q240673					transport costs		coût du transport	https://fr.wikipedia.org/wiki/Coût du transport			Transportkosten	https://de.wikipedia.org/wiki/Transportkosten	Custos de transporte	https://pt.wikipedia.org/wiki/Custos de transporte					
Q179420	https://wikidata.org/wiki/Q179420	Werbungskosten														Werbungskosten	https://de.wikipedia.org/wiki/Werbungskosten							
Q25383591	https://wikidata.org/wiki/Q25383591	Forschungs-_und_Entwicklungskosten		https://wikidata.org/wiki/Q29028649	https://wikidata.org/wiki/Q1077518					research expenditure						Forschungskosten	https://de.wikipedia.org/wiki/Forschungs- und Entwicklungskosten							
Q170924	https://wikidata.org/wiki/Q170924	Zins		https://wikidata.org/wiki/Q806737	https://wikidata.org/wiki/Q30242023	interes	https://eu.wikipedia.org/wiki/Interes	interés	https://es.wikipedia.org/wiki/Interés	interest	https://en.wikipedia.org/wiki/Interest	intérêt	https://fr.wikipedia.org/wiki/Intérêt (finance)	interesse	https://it.wikipedia.org/wiki/Interesse	Zins	https://de.wikipedia.org/wiki/Zins	juro	https://pt.wikipedia.org/wiki/Juro	interès	https://ca.wikipedia.org/wiki/Interès	úrok	https://cs.wikipedia.org/wiki/Úrok	
-1	https://wikidata.org/wiki/-1	Konventionalstrafe																						
Q663129	https://wikidata.org/wiki/Q663129	Okishio-Theorem		https://wikidata.org/wiki/Q65943				Teorema de Okishio	https://es.wikipedia.org/wiki/Teorema de Okishio	Okishio's theorem	https://en.wikipedia.org/wiki/Okishio's theorem	Théorème d'Okishio	https://fr.wikipedia.org/wiki/Théorème d'Okishio			Okishio-Theorem	https://de.wikipedia.org/wiki/Okishio-Theorem							
Q1327750	https://wikidata.org/wiki/Q1327750	Binnenmarkt		https://wikidata.org/wiki/Q729438	https://wikidata.org/wiki/Q1129645			mercado común	https://es.wikipedia.org/wiki/Mercado común	single market	https://en.wikipedia.org/wiki/Single market	marché commun	https://fr.wikipedia.org/wiki/Marché commun	mercato unico	https://it.wikipedia.org/wiki/Mercato unico	Binnenmarkt	https://de.wikipedia.org/wiki/Binnenmarkt	mercado comum	https://pt.wikipedia.org/wiki/Mercado comum	mercat comú	https://ca.wikipedia.org/wiki/Mercat comú	společný trh		
Q877707	https://wikidata.org/wiki/Q877707	Markt		https://wikidata.org/wiki/Q151885, https://wikidata.org/wiki/Q111972893	https://wikidata.org/wiki/Q2712963	Merkatu-egitura	https://eu.wikipedia.org/wiki/Merkatu-egitura	estructura de mercado	https://es.wikipedia.org/wiki/Estructura de mercado	market structure	https://en.wikipedia.org/wiki/Market structure	structure du marché		struttura del mercato		Markt	https://de.wikipedia.org/wiki/Markt	forma de mercado	https://pt.wikipedia.org/wiki/Forma de mercado	estructura de mercat		struktura trhu	https://cs.wikipedia.org/wiki/Struktura trhu	
Q1072012	https://wikidata.org/wiki/Q1072012	International			https://wikidata.org/wiki/Q16502, https://wikidata.org/wiki/Q17334923			internacional		internationality	https://en.wikipedia.org/wiki/Internationality	international		internazionale		international	https://de.wikipedia.org/wiki/International	internacional		internacional	https://ca.wikipedia.org/wiki/Internacional (política)			
-1	https://wikidata.org/wiki/-1	Empirisch																						
Q12301326	https://wikidata.org/wiki/Q12301326	Analytisches_Urteil		https://wikidata.org/wiki/Q485413	https://wikidata.org/wiki/Q108163					analytic statement						analytisches Urteil	https://de.wikipedia.org/wiki/Analytisches Urteil					analytický soud	https://cs.wikipedia.org/wiki/Analytický soud	
Q11730	https://wikidata.org/wiki/Q11730	Otto_Bauer		https://wikidata.org/wiki/Q5				Otto Bauer	https://es.wikipedia.org/wiki/Otto Bauer	Otto Bauer	https://en.wikipedia.org/wiki/Otto Bauer	Otto Bauer	https://fr.wikipedia.org/wiki/Otto Bauer	Otto Bauer	https://it.wikipedia.org/wiki/Otto Bauer	Otto Bauer	https://de.wikipedia.org/wiki/Otto Bauer	Otto Bauer	https://pt.wikipedia.org/wiki/Otto Bauer	Otto Bauer	https://ca.wikipedia.org/wiki/Otto Bauer	Otto Bauer	https://cs.wikipedia.org/wiki/Otto Bauer	
Q1906153	https://wikidata.org/wiki/Q1906153	Marx-Engels-Werke		https://wikidata.org/wiki/Q47461344, https://wikidata.org/wiki/Q277759, https://wikidata.org/wiki/Q16968990						Marx-Engels-Werke						Marx-Engels-Werke	https://de.wikipedia.org/wiki/Marx-Engels-Werke							
